{
    "MSE": 0.006892591018931824,
    "RMSE": 0.08302162982579796,
    "MAE": 0.0782241779070239,
    "MAPE": 6.356275580611991,
    "R^2": 0.6309536952452557,
    "Directional Accuracy": 0.7321428571428571
}